{
    "A": [0.83, 1.53, 1, 2, 0.00001],
    "B": [1.85, 0.00, 1, 2, 0.00001]
}
