{
    "A": [0.74, 1.76, 1, 2, 0.00001],
    "B": [1.44, 0.00, 1, 2, 0.00001]
}
