{
    "A": [0.79, 1.43, 1, 2, 0.00001],
    "B": [2.68, 0.00, 1, 2, 0.00001]
}
