{
    "A": [0.69, 1.29, 1, 2, 0.00001],
    "B": [2.29, 0.00, 1, 2, 0.00001]
}
