{
    "A": [0.72, 1.44, 1, 2, 0.00001],
    "B": [1.74, 0.00, 1, 2, 0.00001]
}
