{
    "A": [0.68, 1.27, 1, 2, 0.00001],
    "B": [1.36, 0.00, 1, 2, 0.00001]
}
