{
    "A": [0.64, 1.19, 1, 2, 0.00001],
    "B": [0.85, 0.00, 1, 2, 0.00001]
}
