{
    "A": [0.73, 1.46, 1, 2, 0.00001],
    "B": [0.72, 0.00, 1, 2, 0.00001]
}
