{
    "A" : [1.0, 1.2, 0.000001],
    "B" : [0.3, 0.7, 0.000001]
}
